id,name,swings_competitive,percent_swings_competitive,contact,avg_bat_speed,hard_swing_rate,squared_up_per_bat_contact,squared_up_per_swing,blast_per_bat_contact,blast_per_swing,swing_length,swords,batter_run_value,whiffs,whiff_per_swing,batted_ball_events,batted_ball_event_per_swing,H,HR,AVG,SLG,OPS
665833,"Cruz, Oneil",451,0.91111111111111111111,313,78.11442966740582,0.74279379157427937916,0.3226837060702875,0.22394678492239467,0.23322683706070288,0.16186252771618626,7.6461519512195122,3,-10.369543,138,0.30598669623059865,154,0.34146341463414637,78,14,0.246,0.438,0.737
656941,"Schwarber, Kyle",493,0.90127970749542961609,351,77.30741245436101,0.76267748478701825558,0.34472934472934474,0.24543610547667344,0.23076923076923078,0.1643002028397566,7.8187010365853659,20,-1.775890995,142,0.2880324543610548,182,0.3691683569979716,80,19,0.249,0.455,0.831
592450,"Judge, Aaron",580,0.90625000000000000000,403,76.83121862068974,0.72413793103448275862,0.36724565756823824,0.25517241379310346,0.27791563275434245,0.19310344827586207,8.1919707068965517,4,30.983116870676604,177,0.30517241379310345,201,0.34655172413793106,105,34,0.306,0.679,1.112
656305,"Chapman, Matt",592,0.90519877675840978593,452,76.53188631756758,0.65202702702702702703,0.25442477876106195,0.19425675675675674,0.16371681415929204,0.125,7.4093356418918919,13,-11.61247714,140,0.23648648648648649,201,0.33952702702702703,84,13,0.235,0.411,0.73
666624,"Morel, Christopher",580,0.90625000000000000000,401,76.23617134482754,0.67758620689655172414,0.30673316708229426,0.2120689655172414,0.18952618453865336,0.1310344827586207,8.0032863620689655,17,-16.90719453,179,0.3086206896551724,213,0.36724137931034484,69,18,0.202,0.387,0.69
670541,"Alvarez, Yordan",532,0.91566265060240963855,429,75.88753443609028,0.56203007518796992481,0.3356643356643357,0.2706766917293233,0.21678321678321677,0.17481203007518797,7.5611913345864662,0,11.193744610038864,103,0.19360902255639098,234,0.4398496240601504,101,19,0.296,0.531,0.913
683002,"Henderson, Gunnar",617,0.90735294117647058824,476,75.84525213938419,0.61426256077795786062,0.35714285714285715,0.2755267423014587,0.23319327731092437,0.17990275526742303,7.2308098703403566,11,8.593189963217853,141,0.22852512155591573,247,0.40032414910858993,108,28,0.286,0.584,0.957
677594,"Rodr?guez, Julio",703,0.90592783505154639175,495,75.66527028449507,0.57752489331436699858,0.28888888888888886,0.2034139402560455,0.19595959595959597,0.1379800853485064,7.8880877240398293,22,-12.07129745,208,0.2958748221906117,220,0.3129445234708393,100,10,0.267,0.372,0.69
660271,"Ohtani, Shohei",626,0.90331890331890331890,448,75.64197214057512,0.57987220447284345048,0.37723214285714285,0.26996805111821087,0.25223214285714285,0.1805111821086262,7.6657827635782748,5,15.014938138205554,178,0.28434504792332266,232,0.3706070287539936,117,29,0.316,0.635,1.035
665742,"Soto, Juan",529,0.90582191780821917808,422,75.47346612476365,0.60680529300567107750,0.41232227488151657,0.32892249527410206,0.25355450236966826,0.20226843100189035,7.2738844990548204,15,7.840868866391966,107,0.20226843100189035,234,0.44234404536862004,101,23,0.295,0.558,0.984
624585,"Soler, Jorge",507,0.91187050359712230216,366,75.42603917159768,0.57593688362919132150,0.2923497267759563,0.21104536489151873,0.1284153005464481,0.09270217,7.9940623471400394,5,-13.18767385,141,0.2781065088757396,185,0.36489151873767256,68,10,0.225,0.397,0.702
665489,"Guerrero Jr., Vladimir",594,0.90687022900763358779,468,75.36038099326599,0.53030303030303030303,0.33974358974358976,0.2676767676767677,0.22435897435897437,0.17676767676767677,7.6785556565656566,7,1.0022967666420786,126,0.21212121212121213,241,0.4057239057239057,107,14,0.288,0.456,0.815
663624,"Mountcastle, Ryan",628,0.90882778581765557164,494,75.25891186305738,0.53821656050955414013,0.27125506072874495,0.21337579617834396,0.15991902834008098,0.12579617834394904,7.5005946656050955,8,-10.01009781,134,0.21337579617834396,224,0.35668789808917195,92,12,0.271,0.447,0.758
572233,"Walker, Christian",667,0.90257104194857916103,512,75.16191988005997,0.55022488755622188906,0.259765625,0.19940029985007496,0.16796875,0.12893553223388307,7.5467854272863568,21,-6.522795244,155,0.23238380809595202,219,0.328335832,97,22,0.264,0.495,0.838
663586,"Riley, Austin",528,0.90721649484536082474,389,75.11013401515149,0.52840909090909090909,0.32390745501285345,0.23863636363636365,0.2210796915167095,0.16287878787878787,7.4966048295454545,17,-7.496324175,139,0.26325757575757575,187,0.3541666666666667,80,12,0.257,0.45,0.779
624413,"Alonso, Pete",581,0.90781250000000000000,463,75.03908522,0.51462994836488812392,0.28509719222462204,0.22719449225473323,0.15982721382289417,0.12736660929432014,7.3146491910499139,9,-13.51456647,118,0.20309810671256454,240,0.41308089500860584,88,19,0.24,0.454,0.773
669394,"Burger, Jake",475,0.90476190476190476190,342,74.91416653,0.50947368421052631579,0.30701754385964913,0.22105263157894736,0.18128654970760233,0.13052631578947368,7.4156560842105263,7,-7.25985793,133,0.28,163,0.3431578947368421,64,10,0.225,0.37,0.635
592518,"Machado, Manny",569,0.90317460317460317460,444,74.78225987697714,0.47275922671353251318,0.3108108108108108,0.24253075571177504,0.18468468468468469,0.14411247803163443,7.7335274340949033,13,-4.877718938,125,0.21968365553602812,223,0.39191564147627417,93,13,0.267,0.422,0.741
621043,"Correa, Carlos",448,0.91428571428571428571,370,74.69274448660705,0.47991071428571428571,0.327027027,0.2700892857142857,0.21351351351351353,0.17633928571428573,7.2455097321428571,2,13.748461952046744,78,0.17410714285714285,198,0.4419642857142857,86,13,0.308,0.52,0.897
682985,"Greene, Riley",591,0.91344667697063369397,450,74.65706685,0.46531302876480541455,0.3244444444444444,0.2470389170896785,0.17333333333333334,0.1319796954314721,7.1866969543147208,3,4.380250408408996,141,0.23857868020304568,216,0.36548223350253806,96,17,0.271,0.503,0.867
677951,"Witt Jr., Bobby",635,0.90714285714285714286,497,74.64131088188982,0.48661417322834645669,0.36217303822937624,0.28346456692913385,0.20925553319919518,0.16377952755905512,7.0756029921259843,10,12.699058425736116,138,0.2173228346456693,276,0.4346456692913386,125,16,0.323,0.558,0.927
661388,"Contreras, William",633,0.90687679083094555874,474,74.57401605055294,0.49763033175355450237,0.3860759493670886,0.2890995260663507,0.229957806,0.1721958925750395,7.3193432227488152,15,1.0262232097290107,159,0.25118483412322273,266,0.42022116903633494,108,11,0.286,0.44,0.792
665487,"Tatis Jr., Fernando",481,0.90413533834586466165,367,74.49463769230773,0.46361746361746361746,0.37057220708446864,0.28274428274428276,0.21798365122615804,0.16632016632016633,7.2961005821205821,19,-5.648484702,114,0.23700623700623702,195,0.40540540540540543,86,14,0.279,0.468,0.822
682829,"De La Cruz, Elly",557,0.90864600326264274062,394,74.44499030520645,0.49551166965888689408,0.3020304568527919,0.21364452423698385,0.1700507614213198,0.12028725314183124,7.2059589587073609,16,-1.935750513,163,0.2926391382405745,193,0.3464991023339318,92,17,0.256,0.483,0.829
663728,"Raleigh, Cal",614,0.90560471976401179941,443,74.42229599348529,0.44951140065146579805,0.29345372460496616,0.21172638436482086,0.18058690744920994,0.13029315960912052,7.7342696742671010,6,-1.742715952,171,0.2785016286644951,174,0.28338762214983715,68,20,0.216,0.435,0.734
542303,"Ozuna, Marcell",629,0.90503597122302158273,434,74.15797039745632,0.43879173290937996820,0.34101382488479265,0.23529411764705882,0.20506912442396313,0.14149443561208266,7.4127352305246423,3,13.136643132090079,195,0.31001589825119236,211,0.3354531001589825,107,26,0.303,0.581,0.96
621566,"Olson, Matt",704,0.91309987029831387808,516,74.03162911931817,0.42329545454545454545,0.2616279069767442,0.19176136363636365,0.1375968992248062,0.10085227272727272,7.4409301278409091,6,-23.82199526,188,0.26704545454545453,203,0.2883522727272727,81,13,0.229,0.405,0.714
547180,"Harper, Bryce",551,0.90327868852459016393,410,73.93231337568054,0.39564428312159709619,0.2951219512195122,0.21960072595281308,0.18048780487804877,0.13430127041742287,7.3547907441016334,7,12.579253545034824,141,0.2558983666061706,191,0.3466424682395644,91,21,0.301,0.579,0.982
667670,"Rooker Jr., Brent",539,0.90893760539629005059,368,73.89687988868278,0.37847866419294990724,0.29891304347826086,0.20408163265306123,0.16304347826086957,0.11131725417439703,7.1563885714285714,10,14.689932065889177,171,0.3172541743970315,168,0.3116883116883117,88,21,0.291,0.573,0.942
642715,"Adames, Willy",676,0.90982503364737550471,495,73.82785211538463,0.37130177514792899408,0.3090909090909091,0.22633136094674555,0.1393939393939394,0.10207100591715976,8.1082843491124260,3,-3.229132251,181,0.2677514792899408,245,0.3624260355029586,91,15,0.246,0.43,0.76
669127,"Langeliers, Shea",458,0.91417165668662674651,328,73.71649482532749,0.36681222707423580786,0.3445121951219512,0.24672489082969432,0.20121951219512196,0.14410480349344978,7.2543943013100437,3,-6.92655753,130,0.2838427947598253,171,0.37336244541484714,61,17,0.213,0.436,0.701
682998,"Carroll, Corbin",527,0.91334488734835355286,418,73.64207374,0.37381404174573055028,0.3492822966507177,0.27703984819734345,0.17464114832535885,0.13851992409867173,6.9872337760910816,2,-20.66913819,109,0.20683111954459202,247,0.4686907020872865,75,5,0.212,0.334,0.635
606466,"Marte, Ketel",560,0.90761750405186385737,439,73.36876043,0.37857142857142857143,0.4168564920273349,0.3267857142857143,0.20956719817767655,0.16428571428571428,7.6042839642857143,3,-5.361856842,121,0.21607142857142858,242,0.43214285714285716,105,19,0.292,0.515,0.877
521692,"Perez, Salvador",655,0.90469613259668508287,494,73.31597720610688,0.33893129770992366412,0.33805668016194335,0.2549618320610687,0.18421052631578946,0.13893129770992366,7.9157348091603053,9,0.3273859972723229,161,0.24580152671755726,242,0.36946564885496186,97,17,0.282,0.477,0.82
606192,"Hern?ndez, Teoscar",659,0.91022099447513812155,444,73.28859273141123,0.32321699544764795144,0.30405405405405406,0.20485584218512898,0.19594594594594594,0.13201820940819423,7.7580628528072838,13,-6.032842952,215,0.3262518968133536,210,0.3186646433990895,95,19,0.261,0.475,0.802
646240,"Devers, Rafael",572,0.90363349131121642970,422,73.24476230769231,0.35664335664335664336,0.33175355450236965,0.24475524475524477,0.1990521327014218,0.14685314685314685,7.4735716083916084,10,-0.673396982,150,0.26223776223776224,194,0.33916083916083917,92,23,0.295,0.599,0.977
592885,"Yelich, Christian",432,0.90566037735849056604,341,73.20065810185184,0.34722222222222222222,0.34310850439882695,0.2708333333333333,0.187683284,0.14814814814814814,7.5363532407407407,8,-0.91075048,91,0.21064814814814814,175,0.4050925925925926,85,11,0.326,0.521,0.933
669357,"Gorman, Nolan",508,0.89911504424778761062,334,73.07759696850391,0.29527559055118110236,0.2694610778443114,0.17716535433070865,0.1437125748502994,0.094488189,7.5257016141732283,12,-10.9344766,174,0.3425196850393701,154,0.3031496062992126,64,17,0.206,0.413,0.692
681624,"Pages, Andy",554,0.90375203915171288744,415,73.05344433213001,0.28519855595667870036,0.27228915662650605,0.20397111913357402,0.13975903614457832,0.10469314079422383,7.7776883212996390,8,-17.18342586,139,0.2509025270758123,188,0.33935018050541516,74,8,0.257,0.399,0.706
650490,"D?az, Yandy",580,0.90909090909090909091,523,73.05116850000006,0.33448275862068965517,0.3690248565965583,0.33275862068965517,0.21414913957934992,0.19310344827586207,7.4923582241379310,1,-8.505241892,57,0.098275862,271,0.4672413793103448,104,8,0.273,0.396,0.725
623993,"Santander, Anthony",642,0.90550070521861777151,520,72.97342269470407,0.33956386292834890966,0.2692307692307692,0.21806853582554517,0.14038461538461539,0.11370716510903427,7.2961741277258567,1,-7.796133261,122,0.19003115264797507,243,0.37850467289719625,82,24,0.237,0.503,0.804
673548,"Suzuki, Seiya",435,0.90436590436590436590,335,72.95007181609198,0.34482758620689655172,0.3582089552238806,0.27586206896551724,0.2,0.15402298850574714,7.2440477701149425,10,10.07166334302974,100,0.22988505747126436,173,0.39770114942528734,76,13,0.27,0.479,0.813
663993,"Lowe, Nathaniel",477,0.90340909090909090909,395,72.94429496855354,0.26834381551362683438,0.28860759493670884,0.2389937106918239,0.14177215189873418,0.11740041928721175,7.1885867085953878,8,-4.545045927,82,0.1719077568134172,188,0.3941299790356394,69,6,0.262,0.373,0.721
657757,"Sheets, Gavin",496,0.90346083788706739526,400,72.89081254032261,0.31048387096774193548,0.3125,0.25201612903225806,0.1475,0.11895161290322581,7.5599311895161290,14,-5.781990314,96,0.1935483870967742,200,0.4032258064516129,62,7,0.225,0.377,0.693
662139,"Varsho, Daulton",499,0.90892531876138433515,370,72.84532022044085,0.27054108216432865731,0.22702702702702704,0.1683366733466934,0.089189189,0.066132265,7.6357014829659319,3,-11.1192281,129,0.25851703406813625,167,0.3346693386773547,59,11,0.202,0.408,0.693
607043,"Nimmo, Brandon",572,0.90937996820349761526,438,72.84312104895105,0.33216783216783216783,0.317351598,0.243006993,0.182648402,0.13986013986013987,7.2792505594405594,7,10.94252407108509,134,0.23426573426573427,206,0.36013986013986016,84,16,0.248,0.454,0.815
647304,"Naylor, Josh",566,0.90127388535031847134,452,72.83095448763255,0.33038869257950530035,0.34513274336283184,0.2756183745583039,0.16592920353982302,0.13250883392226148,7.6611251327433628,4,-0.46036892,114,0.20141342756183744,229,0.4045936395759717,82,22,0.246,0.491,0.816
673237,"Diaz, Yainer",554,0.90522875816993464052,438,72.75885445848375,0.27256317689530685921,0.3310502283105023,0.26173285198555957,0.1598173515981735,0.1263537906137184,7.4956202527075812,10,-7.336144712,116,0.20938628158844766,231,0.41696750902527074,93,7,0.284,0.409,0.717
672284,"Kelenic, Jarred",466,0.90135396518375241779,308,72.70298961373392,0.24248927038626609442,0.37337662337662336,0.24678111587982832,0.17207792207792208,0.11373390557939914,7.3287518669527897,7,-8.676568291,158,0.33905579399141633,160,0.34334763948497854,70,10,0.255,0.418,0.721
457705,"McCutchen, Andrew",510,0.90106007067137809187,373,72.64057471,0.25490196078431372549,0.30831099195710454,0.22549019607843138,0.16621983914209115,0.12156862745098039,7.6135044705882353,5,-11.90996152,137,0.26862745098039215,188,0.3686274509803922,69,12,0.226,0.387,0.715
680776,"Duran, Jarren",640,0.91428571428571428571,502,72.61277462499999,0.27031250000000000000,0.30876494023904383,0.2421875,0.17729083665338646,0.1390625,7.5208385937500000,13,-2.790022466,138,0.215625,249,0.3890625,113,10,0.284,0.477,0.819
668227,"Arozarena, Randy",554,0.89935064935064935065,400,72.52129572202163,0.31407942238267148014,0.3325,0.24007220216606498,0.16,0.11552346570397112,7.3913066787003610,11,-21.41459916,154,0.2779783393501805,202,0.36462093862815886,66,12,0.202,0.362,0.671
641857,"McMahon, Ryan",650,0.90529247910863509749,473,72.46611527692319,0.26923076923076923077,0.32558139534883723,0.23692307692307693,0.18604651162790697,0.13538461538461538,7.1904704000000000,15,-6.327014171,177,0.2723076923076923,205,0.3153846153846154,98,14,0.272,0.447,0.797
664761,"Bohm, Alec",547,0.91014975041597337770,451,72.44654572212065,0.23765996343692870201,0.4057649667405765,0.33455210237659966,0.2039911308203991,0.16819012797074953,7.4477180621572212,6,9.110041160627567,96,0.17550274223034734,262,0.4789762340036563,107,11,0.295,0.482,0.83
682928,"Abrams, CJ",659,0.90273972602739726027,515,72.34764124430954,0.26858877086494688923,0.3320388349514563,0.25948406676783003,0.13980582524271845,0.10925644916540213,7.4572344006069803,21,4.240385213918579,144,0.21851289833080426,248,0.37632776934749623,95,15,0.268,0.489,0.832
502671,"Goldschmidt, Paul",657,0.91250000000000000000,493,72.32762673,0.24961948249619482496,0.3265720081135903,0.2450532724505327,0.16227180527383367,0.121765601,7.7450977929984779,5,-19.03905048,164,0.2496194824961948,223,0.3394216133942161,85,13,0.23,0.373,0.664
656582,"Joe, Connor",402,0.90134529147982062780,316,72.29637771144274,0.25373134328358208955,0.29430379746835444,0.23134328358208955,0.12974683544303797,0.10199004975124377,7.3793741791044776,6,-3.703827074,86,0.21393034825870647,167,0.4154228855721393,64,7,0.242,0.39,0.72
666969,"Garc?a, Adolis",604,0.90284005979073243647,422,72.24528316225168,0.25165562913907284768,0.34834123222748814,0.2433774834437086,0.17535545023696683,0.12251655629139073,7.9823369205298013,11,-26.06940905,182,0.30132450331125826,207,0.34271523178807944,72,17,0.211,0.405,0.682
608369,"Seager, Corey",502,0.90450450450450450450,395,72.22894345,0.20517928286852589641,0.3392405063291139,0.26693227091633465,0.19746835443037974,0.1553784860557769,6.6298475498007968,6,1.0144640983760267,107,0.21314741035856574,201,0.40039840637450197,85,18,0.27,0.479,0.834
664023,"Happ, Ian",607,0.90327380952380952381,442,72.22208998,0.23228995057660626030,0.2850678733031674,0.20757825370675453,0.13122171945701358,0.095551895,6.9934946128500824,9,-5.466099361,165,0.27182866556836904,186,0.30642504118616143,79,15,0.243,0.458,0.81
668709,"Bleday, JJ",565,0.90400000000000000000,427,72.16804700884961,0.18761061946902654867,0.3442622950819672,0.26017699115044246,0.16159250585480095,0.12212389380530973,7.2731993628318584,8,-22.30302478,138,0.24424778761061947,230,0.40707964601769914,80,11,0.23,0.42,0.733
665161,"Pe?a, Jeremy",598,0.91019786910197869102,460,72.10411394648828,0.18227424749163879599,0.35434782608695653,0.2725752508361204,0.15434782608695652,0.11872909698996656,7.5899610535117057,4,-15.42883613,138,0.23076923076923078,257,0.4297658862876254,99,7,0.274,0.382,0.7
596019,"Lindor, Francisco",652,0.91061452513966480447,509,72.02997618098163,0.21012269938650306748,0.3889980353634578,0.30368098159509205,0.1807465618860511,0.1411042944785276,7.5205065490797546,9,-9.452913311,143,0.21932515337423314,268,0.4110429447852761,97,17,0.253,0.454,0.783
650559,"De La Cruz, Bryan",677,0.90387182910547396529,499,71.99886307237817,0.22304283604135893648,0.3166332665330661,0.23338257016248154,0.13026052104208416,0.096011817,7.6851791137370753,14,-12.16540956,178,0.26292466765140327,234,0.345642541,92,16,0.242,0.411,0.7
641487,"Crawford, J.P.",452,0.90581162324649298597,367,71.87769148230088,0.23008849557522123894,0.2970027247956403,0.2411504424778761,0.12806539509536785,0.10398230088495575,7.2825115044247788,2,-11.03137417,85,0.18805309734513273,173,0.3827433628318584,59,9,0.209,0.358,0.662
665862,"Chisholm Jr., Jazz",560,0.90909090909090909091,400,71.84826366071425,0.23214285714285714286,0.305,0.21785714285714286,0.1225,0.0875,7.4667494275491950,9,-16.226607,160,0.2857142857142857,182,0.325,88,12,0.249,0.407,0.728
701538,"Merrill, Jackson",567,0.90720000000000000000,468,71.84043435626101,0.20634920634920634921,0.30982905982905984,0.25573192239858905,0.14316239316239315,0.11816578483245149,7.5195005467372134,16,-10.0572284,99,0.1746031746031746,216,0.38095238095238093,92,12,0.278,0.435,0.745
553993,"Su?rez, Eugenio",561,0.90192926045016077170,395,71.78325142602492,0.17825311942959001783,0.27341772151898736,0.1925133689839572,0.11139240506329114,0.078431373,7.7526594474153298,22,-15.7646818,166,0.29590017825311943,174,0.31016042780748665,69,10,0.216,0.366,0.668
657557,"DeJong, Paul",626,0.90988372093023255814,434,71.74239635782742,0.12300319488817891374,0.2672811059907834,0.1853035143769968,0.1175115207373272,0.081469649,6.8558959744408946,9,-19.23288102,192,0.30670926517571884,183,0.29233226837060705,69,16,0.226,0.423,0.697
592206,"Castellanos, Nick",672,0.90566037735849056604,472,71.74175086309525,0.22470238095238095238,0.3305084745762712,0.23214285714285715,0.13347457627118645,0.09375,7.5963699105812221,9,-15.08930633,200,0.2976190476190476,239,0.3556547619047619,86,13,0.233,0.39,0.679
668715,"Steer, Spencer",578,0.90031152647975077882,466,71.74086788927332,0.15570934256055363322,0.33261802575107297,0.2681660899653979,0.13948497854077252,0.11245674740484429,7.3901556055363322,13,0.090935719,112,0.19377162629757785,230,0.39792387543252594,84,15,0.242,0.441,0.778
543807,"Springer III, George",550,0.90016366612111292962,438,71.68501069090905,0.20545454545454545455,0.3127853881278539,0.24909090909090909,0.14840182648401826,0.11818181818181818,7.3674892909090909,13,-14.9378749,112,0.20363636363636364,213,0.38727272727272727,73,10,0.225,0.366,0.676
671289,"Freeman, Tyler",416,0.90434782608695652174,347,71.67968204326918,0.17307692307692307692,0.3688760806916426,0.3076923076923077,0.1585014409221902,0.13221153846153846,7.1957817067307692,4,-10.66008171,69,0.1658653846153846,191,0.45913461538461536,58,7,0.217,0.345,0.66
680869,"Gelof, Zack",481,0.90243902439024390244,320,71.65491636,0.10602910602910602911,0.321875,0.21413721413721415,0.115625,0.076923077,7.3990803742203742,14,-8.968077542,161,0.33471933471933474,151,0.31392931392931395,57,12,0.204,0.38,0.648
668804,"Reynolds, Bryan",625,0.90317919075144508671,463,71.64125228800008,0.18400000000000000000,0.3930885529157667,0.2912,0.19654427645788336,0.1456,6.8727025760000000,16,-1.690036802,162,0.2592,256,0.4096,110,18,0.284,0.487,0.834
686469,"Pasquantino, Vinnie",575,0.91560509554140127389,497,71.57423601739137,0.18608695652173913043,0.38028169014084506,0.32869565217391306,0.16498993963782696,0.1426086956521739,7.4444668521739130,7,-3.407531513,78,0.1356521739130435,259,0.4504347826086956,83,11,0.26,0.421,0.731
621020,"Swanson, Dansby",528,0.90102389078498293515,375,71.56360185606063,0.12689393939393939394,0.36,0.2556818181818182,0.17066666666666666,0.12121212121212122,7.4477657196969697,14,-17.34939228,153,0.2897727272727273,187,0.3541666666666667,65,9,0.212,0.35,0.632
595777,"Profar, Jurickson",549,0.90147783251231527094,455,71.46765087431702,0.22040072859744990893,0.33406593406593404,0.2768670309653916,0.13186813186813187,0.1092896174863388,7.3531256648451730,5,-2.906433427,94,0.17122040072859745,207,0.3770491803278688,103,14,0.305,0.476,0.87
657041,"Thomas, Lane",405,0.90401785714285714286,331,71.46205207407407,0.16543209876543209877,0.3685800604229607,0.3012345679012346,0.17220543806646527,0.14074074074074075,6.7238616296296296,7,-6.093531981,74,0.18271604938271604,179,0.4419753086419753,68,8,0.252,0.404,0.722
608070,"Ram?rez, Jos?",631,0.90530846484935437590,552,71.42463866877972,0.18066561014263074485,0.32971014492753625,0.2884310618066561,0.1539855072463768,0.1347068145800317,7.3005588114104596,11,10.122863363614531,79,0.12519809825673534,272,0.43106180665610144,100,23,0.271,0.518,0.842
663837,"Vierling, Matt",518,0.91197183098591549296,416,71.42441183397689,0.13899613899613899614,0.3605769230769231,0.28957528957528955,0.1658653846153846,0.13320463320463322,7.4208653667953668,5,-3.390870441,102,0.1969111969111969,209,0.4034749034749035,78,12,0.248,0.439,0.726
663697,"India, Jonathan",448,0.90322580645161290323,376,71.41662830357139,0.18750000000000000000,0.300531915,0.25223214285714285,0.13297872340425532,0.11160714285714286,7.1051764732142857,13,-1.698224309,72,0.16071428571428573,191,0.4263392857142857,85,8,0.275,0.427,0.804
686668,"Doyle, Brenton",529,0.90427350427350427350,385,71.26612137996212,0.10775047258979206049,0.33766233766233766,0.24574669187145556,0.14805194805194805,0.10775047258979206,7.3024254253308129,14,-2.927363193,144,0.2722117202268431,200,0.3780718336483932,92,15,0.276,0.471,0.814
467793,"Santana, Carlos",501,0.90107913669064748201,399,71.22963283,0.15369261477045908184,0.3659147869674185,0.29141716566866266,0.12030075187969924,0.095808383,7.5340885628742515,5,-19.21804913,102,0.20359281437125748,219,0.437125749,75,13,0.244,0.427,0.753
642731,"Estrada, Thairo",452,0.90219560878243512974,381,71.21518223451322,0.15486725663716814159,0.34120734908136485,0.28761061946902655,0.13648293963254593,0.11504424778761062,7.1743045353982301,8,-11.76921859,71,0.1570796460176991,216,0.4778761061946903,70,9,0.221,0.356,0.608
663898,"Rodgers, Brendan",416,0.90238611713665943601,329,71.18751956730773,0.21875000000000000000,0.3191489361702128,0.25240384615384615,0.15501519756838905,0.12259615384615384,7.0966311298076923,14,-4.809908748,87,0.2091346153846154,166,0.39903846153846156,76,6,0.262,0.383,0.689
665750,"Taveras, Leody",479,0.90207156308851224105,354,71.12097854,0.14822546972860125261,0.3615819209039548,0.267223382,0.1751412429378531,0.12943632567849686,7.3757033820459290,3,-13.64447509,125,0.2609603340292276,194,0.40501043841336115,69,6,0.228,0.338,0.633
671277,"Garc?a, Luis",471,0.90229885057471264368,373,71.09921476,0.19957537154989384289,0.36193029490616624,0.28662420382165604,0.16621983914209115,0.1316348195329087,7.2553092993630573,5,1.3253754493515784,98,0.208067941,210,0.445859873,86,11,0.281,0.444,0.757
690993,"Keith, Colt",452,0.90219560878243512974,364,71.08262019911504,0.14380530973451327434,0.3543956043956044,0.2853982300884956,0.12912087912087913,0.10398230088495575,6.7851179867256637,6,-1.992831951,88,0.19469026548672566,199,0.44026548672566373,74,9,0.253,0.394,0.703
687263,"Neto, Zach",522,0.90000000000000000000,394,71.01109235632184,0.15517241379310344828,0.3350253807106599,0.25287356321839083,0.13959390862944163,0.1053639846743295,7.2024098464491363,25,0.34150394399022554,128,0.24521072796934865,199,0.38122605363984674,80,12,0.251,0.433,0.735
683734,"Vaughn, Andrew",569,0.90461049284578696343,452,70.95292315,0.12302284710017574692,0.36283185840707965,0.28822495606326887,0.168141593,0.1335676625659051,7.5481838312829525,8,-8.778270905,117,0.2056239015817223,223,0.39191564147627417,80,11,0.237,0.392,0.685
641598,"Garver, Mitch",434,0.90416666666666666667,302,70.95156237327187,0.08755760368663594470,0.3576158940397351,0.2488479262672811,0.15562913907284767,0.10829493087557604,7.3205082027649770,9,-16.0931461,132,0.30414746543778803,157,0.3617511520737327,47,12,0.174,0.356,0.645
681351,"O'Hoppe, Logan",463,0.89902912621359223301,339,70.93670095,0.17494600431965442765,0.35988200589970504,0.2634989200863931,0.16519174041297935,0.12095032397408208,7.2548927429805616,17,-6.852441976,124,0.2678185745140389,176,0.3801295896328294,80,14,0.276,0.472,0.8
608324,"Bregman, Alex",553,0.90804597701149425287,489,70.90876401446653,0.11030741410488245931,0.3660531697341513,0.32368896925858953,0.10633946830265849,0.09403255,7.0206688245931284,5,-1.166159312,64,0.11573236889692586,270,0.488245931,94,12,0.256,0.414,0.73
676059,"Westburg, Jordan",563,0.90080000000000000000,406,70.84706026642976,0.10124333925399644760,0.3768472906403941,0.27175843694493784,0.16009852216748768,0.11545293072824156,6.7962902664298401,15,2.040967279495404,157,0.27886323268206037,213,0.3783303730017762,93,15,0.271,0.496,0.814
676475,"Burleson, Alec",552,0.90048939641109298532,457,70.79874489130437,0.15036231884057971014,0.38293216630196936,0.3170289855072464,0.14442013129102846,0.11956521739130435,7.4011531521739130,5,1.2332383738557158,95,0.1721014492753623,234,0.42391304347826086,91,17,0.288,0.494,0.814
678662,"Tovar, Ezequiel",745,0.90193704600484261501,509,70.70304534228198,0.13691275167785234899,0.3025540275049116,0.20671140939597316,0.10216110019646366,0.069798658,7.5639003758389262,9,-4.659247341,236,0.3167785234899329,230,0.3087248322147651,108,14,0.274,0.462,0.764
605137,"Bell, Josh",582,0.89953632148377125193,435,70.68781567010315,0.15979381443298969072,0.36091954022988504,0.2697594501718213,0.14482758620689656,0.10824742268041238,7.8768328006872852,7,-18.00204997,147,0.25257731958762886,238,0.40893470790378006,82,9,0.228,0.356,0.645
606115,"Arcia, Orlando",510,0.90265486725663716814,382,70.65753859,0.15098039215686274510,0.3743455497382199,0.2803921568627451,0.11518324607329843,0.08627451,7.9012314313725490,9,-30.83609035,128,0.25098039215686274,196,0.3843137254901961,67,7,0.211,0.333,0.577
672580,"Garcia, Maikel",549,0.90444810543657331137,476,70.64924550091065,0.10746812386156648452,0.40336134453781514,0.34972677595628415,0.15966386554621848,0.1384335154826958,7.1927145537340619,9,-10.72628647,73,0.13296903460837886,273,0.4972677595628415,87,6,0.23,0.344,0.626
666182,"Bichette, Bo",502,0.90125673249551166966,402,70.50517300796811,0.14741035856573705179,0.3383084577114428,0.27091633466135456,0.1517412935323383,0.12151394422310757,7.3134323705179283,9,-11.90832828,100,0.199203187,200,0.398406375,67,4,0.222,0.321,0.596
669701,"Smith, Josh",506,0.90035587188612099644,400,70.39690223320162,0.07114624505928853755,0.35,0.2766798418972332,0.115,0.090909091,6.8785580039525692,6,2.4001080116967244,106,0.20948616600790515,199,0.3932806324110672,85,10,0.293,0.469,0.861
650489,"Castro, Willi",606,0.90178571428571428571,444,70.37865198019803,0.14851485148514851485,0.2972972972972973,0.21782178217821782,0.12162162162162163,0.089108911,7.0749523927392739,14,2.1185161114284194,162,0.26732673267326734,210,0.3465346534653465,90,7,0.265,0.422,0.774
608841,"Meneses, Joey",468,0.90697674418604651163,373,70.33382491452987,0.11324786324786324786,0.34316353887399464,0.27350427350427353,0.11796246648793565,0.094017094,7.0361072435897436,7,-10.91990264,95,0.202991453,186,0.3974358974358974,65,3,0.231,0.302,0.593
664034,"France, Ty",516,0.90526315789473684211,401,70.29292169,0.09883720930232558140,0.27680798004987534,0.21511627906976744,0.099750623,0.07751938,7.5441921317829457,11,-15.14352614,115,0.22286821705426357,183,0.3546511627906977,67,8,0.228,0.357,0.674
641680,"Heim, Jonah",484,0.90298507462686567164,391,70.21308611570244,0.11983471074380165289,0.35805626598465473,0.2892561983471074,0.13043478260869565,0.10537190082644628,7.4115050000000000,6,-22.63846994,93,0.1921487603305785,190,0.3925619834710744,71,8,0.241,0.354,0.644
666971,"Gurriel Jr., Lourdes",582,0.90092879256965944272,473,70.19107116838492,0.07216494845360824742,0.3171247357293869,0.25773195876288657,0.12473572938689217,0.1013745704467354,7.4666641580756014,8,-6.098793653,109,0.1872852233676976,233,0.40034364261168387,94,13,0.264,0.421,0.716
571448,"Arenado, Nolan",551,0.90032679738562091503,454,70.09715437386558,0.10344827586206896552,0.31277533039647576,0.2577132486388385,0.081497797,0.067150635,8.2097209981851180,12,-7.717540731,97,0.17604355716878403,245,0.44464609800362975,93,8,0.27,0.381,0.704
678882,"Rafaela, Ceddanne",604,0.90284005979073243647,415,70.01241531,0.05298013245033112583,0.3397590361445783,0.23344370860927152,0.12771084337349398,0.087748344,7.4246741059602649,14,1.5955125360237117,189,0.3129139072847682,200,0.33112582781456956,81,11,0.246,0.419,0.691
641355,"Bellinger, Cody",528,0.90102389078498293515,413,69.87862273,0.05681818181818181818,0.36319612590799033,0.2840909090909091,0.099273608,0.077651515,7.6975556439393939,10,-6.069321738,115,0.2178030303030303,218,0.4128787878787879,84,9,0.269,0.41,0.741
683737,"Busch, Michael",515,0.90034965034965034965,357,69.81652180582518,0.08349514563106796117,0.34173669467787116,0.23689320388349513,0.14285714285714285,0.099029126,7.2959900000000000,9,-3.958838696,158,0.3067961165048544,161,0.312621359,79,12,0.271,0.466,0.823
650402,"Torres, Gleyber",597,0.90045248868778280543,460,69.77380319932999,0.06532663316582914573,0.3065217391304348,0.23618090452261306,0.086956522,0.067001675,7.2877838860971524,12,-14.62389474,137,0.22948073701842547,205,0.34338358458961477,77,8,0.231,0.347,0.654
518692,"Freeman, Freddie",648,0.90756302521008403361,534,69.67636683641962,0.10030864197530864198,0.3352059925093633,0.2762345679012346,0.12921348314606743,0.10648148148148148,6.7824069907407407,7,-12.33340535,114,0.17592592592592593,246,0.37962962962962965,103,14,0.291,0.492,0.887
676914,"Schneider, Davis",419,0.89914163090128755365,313,69.60444451073988,0.05011933174224343675,0.329073482,0.2458233890214797,0.095846645,0.071599045,6.8942985202863962,15,-11.40983276,106,0.2529832935560859,147,0.35083532219570407,56,10,0.217,0.391,0.702
691026,"Winn, Masyn",557,0.89983844911147011309,467,69.51572217235191,0.07001795332136445242,0.29336188436830835,0.2459605026929982,0.10706638115631692,0.089766607,7.2901848114901257,7,-7.349516356,90,0.1615798922800718,215,0.3859964093357271,91,5,0.284,0.406,0.738
680977,"Donovan, Brendan",500,0.89928057553956834532,430,69.37052413999999,0.07000000000000000000,0.4186046511627907,0.36,0.13953488372093023,0.12,6.8983557800000000,8,-9.748290534,70,0.14,260,0.52,98,8,0.276,0.411,0.756
621493,"Ward, Taylor",516,0.90367775831873905429,402,69.36070523,0.05038759689922480620,0.39552238805970147,0.3081395348837209,0.16417910447761194,0.12790697674418605,6.9944054263565891,15,-13.45222474,114,0.22093023255813954,214,0.41472868217054265,78,14,0.228,0.401,0.713
668939,"Rutschman, Adley",615,0.89912280701754385965,512,69.31191273170731,0.05203252032520325203,0.36328125,0.3024390243902439,0.126953125,0.10569105691056911,7.0034212214983713,5,7.944147527106175,103,0.16747967479674797,249,0.40487804878048783,100,16,0.275,0.441,0.78
608385,"Winker, Jesse",508,0.90714285714285714286,412,69.26455535433072,0.05708661417322834646,0.3300970873786408,0.2677165354330709,0.1262135922330097,0.10236220472440945,7.2764671850393701,11,-1.136059273,96,0.1889763779527559,187,0.36811023622047245,77,11,0.26,0.432,0.806
605141,"Betts, Mookie",362,0.89826302729528535980,321,69.26396,0.11049723756906077348,0.43302180685358255,0.3839779005524862,0.14018691588785046,0.12430939226519337,6.8934198895027624,11,-7.504724089,41,0.1132596685082873,187,0.5165745856353591,86,10,0.304,0.488,0.893
630105,"Cronenworth, Jake",560,0.90032154340836012862,465,69.1676878,0.05178571428571428571,0.3741935483870968,0.3107142857142857,0.14193548387096774,0.11785714285714285,7.0560399642857143,7,-10.2921303,95,0.16964285714285715,231,0.4125,92,13,0.257,0.43,0.752
645277,"Albies, Ozzie",662,0.90190735694822888283,535,69.10239877643514,0.07552870090634441088,0.33271028037383177,0.2688821752265861,0.076635514,0.061933534743202415,7.2399415558912387,4,-16.23262032,127,0.19184290030211482,233,0.35196374622356497,90,8,0.258,0.41,0.722
514888,"Altuve, Jose",582,0.89953632148377125193,462,69.05750238831607,0.10824742268041237113,0.3354978354978355,0.2663230240549828,0.08008658,0.063573883,7.8312769072164948,4,0.41764688756023477,120,0.20618556701030927,231,0.39690721649484534,118,14,0.306,0.461,0.815
673490,"Kim, Ha-Seong",438,0.89938398357289527721,367,68.96643589041098,0.07077625570776255708,0.3814713896457766,0.319634703,0.14986376021798364,0.12557077625570776,6.7763739954337900,2,-12.89311664,71,0.16210045662100456,202,0.4611872146118721,73,10,0.226,0.375,0.702
683011,"Volpe, Anthony",694,0.90012970168612191958,551,68.73364182997113,0.02161383285302593660,0.33030852994555354,0.2622478386167147,0.099818512,0.07925072,7.0738727089337176,17,-17.5284047,143,0.20605187319884727,269,0.38760806916426516,99,6,0.245,0.366,0.666
696285,"Young, Jacob",397,0.90227272727272727273,327,68.54357984886649,0.02015113350125944584,0.3669724770642202,0.3022670025188917,0.091743119,0.075566751,6.9456295969773300,13,-11.82356001,70,0.17632241813602015,183,0.4609571788413098,67,1,0.248,0.307,0.618
663538,"Hoerner, Nico",541,0.90468227424749163880,479,68.36708138632157,0.02772643253234750462,0.35281837160751567,0.3123844731977819,0.075156576,0.066543438,7.1393211829944547,3,-18.03876515,62,0.11460258780036968,254,0.46950092421441775,86,4,0.256,0.348,0.684
600869,"Candelario, Jeimer",554,0.90081300813008130081,402,68.32871095667872,0.04332129963898916968,0.3333333333333333,0.24187725631768953,0.097014925,0.070397112,7.8173872563176895,12,-8.279179392,152,0.2743682310469314,198,0.3574007220216607,78,16,0.241,0.461,0.759
643446,"McNeil, Jeff",498,0.90054249547920433996,438,68.22482777108428,0.04016064257028112450,0.365296804,0.321285141,0.086757991,0.076305221,7.0134999598393574,7,-18.50296625,60,0.12048192771084337,220,0.44176706827309237,64,5,0.216,0.314,0.59
657077,"Verdugo, Alex",522,0.90000000000000000000,433,68.20521155172423,0.07662835249042145594,0.3995381062355658,0.3314176245210728,0.12009237875288684,0.099616858,6.3480656704980843,4,-20.37465949,89,0.17049808429118773,233,0.446360153,84,10,0.235,0.378,0.67
592192,"Canha, Mark",456,0.90297029702970297030,360,68.06934390350877,0.02850877192982456140,0.4,0.3157894736842105,0.10833333333333334,0.085526316,7.1376421929824561,8,-17.98503302,96,0.21052631578947367,194,0.42543859649122806,66,6,0.228,0.341,0.675
543760,"Semien, Marcus",616,0.89927007299270072993,508,68.04270336038964,0.03409090909090909091,0.3799212598425197,0.3133116883116883,0.1141732283464567,0.094155844,7.6346488961038961,12,-13.19828095,108,0.17532467532467533,276,0.44805194805194803,93,13,0.242,0.392,0.703
665926,"Gim?nez, Andr?s",639,0.90000000000000000000,484,68.00989978090759,0.06416275430359937402,0.31611570247933884,0.23943661971830985,0.082644628,0.062597809,6.9886294835680751,7,-23.5025749,155,0.24256651017214398,224,0.350547731,87,5,0.252,0.339,0.643
670623,"Paredes, Isaac",607,0.89925925925925925926,506,67.97643828665564,0.04612850082372322900,0.29446640316205536,0.24546952224052718,0.06916996,0.057660626029654036,8.0200019769357496,8,2.883952902542779,101,0.16639209225700163,219,0.36079077429983525,86,15,0.261,0.459,0.823
669257,"Smith, Will",498,0.90054249547920433996,408,67.95043138554223,0.03413654618473895582,0.33088235294117646,0.2710843373493976,0.11274509803921569,0.092369478,7.1922295783132530,16,-16.71825695,90,0.18072289156626506,182,0.3654618473895582,82,15,0.272,0.492,0.838
681082,"Stott, Bryson",503,0.89982110912343470483,430,67.64383689860836,0.00994035785288270378,0.3511627906976744,0.30019880715705766,0.086046512,0.073558648,7.0477721669980119,13,-13.18350171,73,0.14512922465208747,218,0.43339960238568587,72,6,0.238,0.35,0.676
686217,"Frelick, Sal",396,0.90000000000000000000,341,66.83852603535351,0.01767676767676767677,0.3870967741935484,0.3333333333333333,0.061583578,0.053030303,6.9684517424242424,7,-0.254945228,55,0.1388888888888889,192,0.48484848484848486,80,2,0.275,0.354,0.703
668930,"Turang, Brice",513,0.90000000000000000000,451,66.34813849902524,0.04093567251461988304,0.37472283813747226,0.32943469785575047,0.073170732,0.064327485,6.0415982651072125,11,-4.644087779,62,0.12085769980506822,221,0.43079922027290446,93,6,0.277,0.39,0.731
694384,"Schanuel, Nolan",454,0.90079365079365079365,393,65.53481563876657,0.02422907488986784141,0.3816793893129771,0.3303964757709251,0.058524173027989825,0.050660793,6.6530755947136564,6,-16.23325827,61,0.1343612334801762,205,0.45154185022026433,75,8,0.238,0.349,0.672
457759,"Turner, Justin",489,0.90055248618784530387,423,65.20429572597143,0.00613496932515337423,0.3073286052009456,0.2658486707566462,0.04964539,0.042944785,6.3574776687116564,6,-20.05472027,66,0.13496932515337423,168,0.34355828220858897,61,5,0.231,0.345,0.68
680757,"Kwan, Steven",361,0.90024937655860349127,342,64.35045371191138,0,0.41812865497076024,0.3961218836565097,0.055555556,0.052631579,6.4216885872576177,3,8.587261056336105,19,0.052631579,193,0.5346260387811634,99,9,0.352,0.512,0.919
650333,"Arraez, Luis",549,0.90000000000000000000,509,62.915833952641144,0.00182149362477231330,0.48330058939096265,0.44808743169398907,0.064833006,0.060109289617486336,5.9380452459016393,6,-7.489644663,40,0.072859745,286,0.5209471766848816,122,2,0.31,0.378,0.72
